{
	"lat_bins": [
		"(59.617000000000004, 59.865]",
		"(59.865, 59.926]",
		"(59.926, 59.957]",
		"(59.957, 60.01]",
		"(60.01, 60.202]"
	],
	"lng_bins": [
		"(29.907999999999998, 30.265]",
		"(30.265, 30.319]",
		"(30.319, 30.367]",
		"(30.367, 30.443]",
		"(30.443, 30.805]"
	],
	"lat_intervals": [
		[59.617000000000004, 59.865],
		[59.865, 59.926],
		[59.926, 59.957],
		[59.957, 60.01],
		[60.01, 60.202]
	],
	"lng_intervals": [
		[29.907999999999998, 30.265],
		[30.265, 30.319],
		[30.319, 30.367],
		[30.367, 30.443],
		[30.443, 30.805]
	]
}
